{"cameraMode":{"drawMode":0,"name":"Shaded","section":"Shading Mode"},"sceneLighting":true,"audioPlay":false,"sceneViewState":{"showFog":true,"showMaterialUpdate":false,"showSkybox":true,"showFlares":true,"showImageEffects":true,"showParticleSystems":true},"in2DMode":false,"pivot":{"x":602.13525390625,"y":489.39923095703127,"z":-90.7763671875},"rotation":{"x":0.0014005829580128193,"y":-0.996501088142395,"z":0.08180718123912811,"w":0.017065951600670816},"size":877.3107299804688,"orthographic":false}