{"cameraMode":{"drawMode":0,"name":"Shaded","section":"Shading Mode"},"sceneLighting":true,"audioPlay":false,"sceneViewState":{"showFog":true,"showMaterialUpdate":false,"showSkybox":true,"showFlares":true,"showImageEffects":true,"showParticleSystems":true},"in2DMode":false,"pivot":{"x":922.0,"y":389.1000061035156,"z":14.800000190734864},"rotation":{"x":0.14737214148044587,"y":-0.8225914239883423,"z":0.24718457460403443,"w":0.49043312668800356},"size":268.6005554199219,"orthographic":false}