{"cameraMode":{"drawMode":0,"name":"Shaded","section":"Shading Mode"},"sceneLighting":true,"audioPlay":false,"sceneViewState":{"showFog":true,"showMaterialUpdate":false,"showSkybox":true,"showFlares":true,"showImageEffects":true,"showParticleSystems":true},"in2DMode":false,"pivot":{"x":2.989959716796875,"y":10.770835876464844,"z":1.7996139526367188},"rotation":{"x":0.08117953687906265,"y":-0.030844716355204583,"z":0.0025103804655373098,"w":0.9962189793586731},"size":31.222862243652345,"orthographic":false}