{"cameraMode":{"drawMode":0,"name":"Shaded","section":"Shading Mode"},"sceneLighting":false,"audioPlay":false,"sceneViewState":{"showFog":true,"showMaterialUpdate":false,"showSkybox":false,"showFlares":true,"showImageEffects":true,"showParticleSystems":true},"in2DMode":false,"pivot":{"x":-0.025549381971359254,"y":0.9077258110046387,"z":0.11164677143096924},"rotation":{"x":0.000313934579025954,"y":-0.9996466636657715,"z":0.013805870898067952,"w":0.022712288424372674},"size":1.6032977104187012,"orthographic":false}