{"cameraMode":{"drawMode":0,"name":"Shaded","section":"Shading Mode"},"sceneLighting":false,"audioPlay":false,"sceneViewState":{"showFog":true,"showMaterialUpdate":false,"showSkybox":false,"showFlares":true,"showImageEffects":true,"showParticleSystems":true},"in2DMode":false,"pivot":{"x":237.7521209716797,"y":2.250002861022949,"z":268.56597900390627},"rotation":{"x":0.12561579048633576,"y":0.6522285342216492,"z":-0.11082562059164047,"w":0.7392809391021729},"size":50.57306671142578,"orthographic":false}