{"cameraMode":{"drawMode":0,"name":"Shaded","section":"Shading Mode"},"sceneLighting":false,"audioPlay":false,"sceneViewState":{"showFog":true,"showMaterialUpdate":false,"showSkybox":false,"showFlares":true,"showImageEffects":true,"showParticleSystems":true},"in2DMode":false,"pivot":{"x":508.5174560546875,"y":2.2500014305114748,"z":419.7431640625},"rotation":{"x":0.004804931581020355,"y":-0.9896541833877564,"z":0.13927149772644044,"w":0.03413408622145653},"size":71.18095397949219,"orthographic":false}