{"cameraMode":{"drawMode":0,"name":"Shaded","section":"Shading Mode"},"sceneLighting":true,"audioPlay":false,"sceneViewState":{"showFog":true,"showMaterialUpdate":false,"showSkybox":true,"showFlares":true,"showImageEffects":true,"showParticleSystems":true},"in2DMode":false,"pivot":{"x":-0.19506525993347169,"y":1.1856119632720948,"z":0.026548385620117189},"rotation":{"x":0.08117953687906265,"y":-0.030844716355204583,"z":0.0025103804655373098,"w":0.9962189793586731},"size":22.0,"orthographic":false}